Name,Municipality
"20 Summers, Inc.",Provincetown
"51 Walden, Inc.",Concord
"51 Walden, Inc.",Concord
"51 Walden, Inc.",Concord
"826 Boston, Inc.",Roxbury
Academy Playhouse,Orleans
Academy Playhouse,Orleans
Academy Playhouse,Orleans
Academy Playhouse,Orleans
Academy Playhouse,Orleans
Academy Playhouse,Orleans
Acton Woman's Club^The,Acton
Acton^Town of,Acton
Actors Community Theatre,Hardwick
Agassiz Baldwin Community,Cambridge
"Alden Kindred of America, Inc.",Duxbury
Alighieri Cultural Society^Dante,Cambridge
"All Newton Music School, Inc.",West Newton
"Alternatives Unlimited, Inc.",Whitinsville
Amazing Things Arts Center,Framingham
American Antiquarian Society,Worcester
American Antiquarian Society,Worcester
American Antiquarian Society,Worcester
American Antiquarian Society,Worcester
American Antiquarian Society,Worcester
American Antiquarian Society,Worcester
American Antiquarian Society,Worcester
American Congregational Association,Boston
American Congregational Association,Boston
American International College,Springfield
American International College,Springfield
American Repertory Theater Company,Cambridge
American Repertory Theater Company,Cambridge
American Textile History Museum,Lowell
American Textile History Museum,Lowell
American Textile History Museum,Lowell
American Textile History Museum,Lowell
American Textile History Museum,Lowell
AmeriCorps Cape Cod,Barnstable
"Ames Free Library of Easton, Inc.",North Easton
Ames Memorial Hall Association^Oakes,North Easton
Ames Memorial Hall Association^Oakes,North Easton
"Amesbury Carriage Alliance, Inc.",Amesbury
"Amesbury Carriage Alliance, Inc.",Amesbury
"Amesbury Carriage Alliance, Inc.",Amesbury
"Amherst Ballet Theatre Company, Inc.",Amherst
"Amherst Cinema Arts Center, Inc.",Amherst
"Amherst Cinema Arts Center, Inc.",Amherst
"Amherst Cinema Arts Center, Inc.",Amherst
"Amherst Community Television, Inc.",Amherst
Andover^Town of,Andover
"Anthony Birthplace Museum, Inc.^Susan",Adams
Apollinaire Theatre Company,Chelsea
"Apple Tree Arts, Inc.",Grafton
"Apple Tree Arts, Inc.",Grafton
"Apple Tree Arts, Inc.",Grafton
"Apple Tree Arts, Inc.",Grafton
"Apple Tree Arts, Inc.",Grafton
"Apple Tree Arts, Inc.",Grafton
"Aquinnah Cultural Center, Inc.",Aquinnah
"Aquinnah Cultural Center, Inc.",Aquinnah
Aquinnah^Town of,Aquinnah
"Architectural Heritage Foundation, Inc.",Boston
"Architectural Heritage Foundation, Inc.",Boston
"Architectural Heritage Foundation, Inc.",Boston
"Arena Civic Theatre, Inc.",Greenfield
"Arlington Center for the Arts, Inc.",Arlington
"Arlington Center for the Arts, Inc.",Arlington
Arlington^Town of,Arlington
"Arms Library Association, Inc.",Shelburne Falls
"Arms Library Association, Inc.",Shelburne Falls
Artists Association of Nantucket,Nantucket
Artists Association of Nantucket,Nantucket
Artists Association of Nantucket,Nantucket
Artists Association of Nantucket,Nantucket
"Artists for Humanity, Inc.",Boston
"Artists for Humanity, Inc.",Boston
"Artists for Humanity, Inc.",Boston
"Artists for Humanity, Inc.",Boston
"Artists for Humanity, Inc.",Boston
"Artists for Humanity, Inc.",Boston
Arts & Business Council of Gr. Boston,Boston
Arts & Business Council of Gr. Boston,Boston
Arts & Business Council of Gr. Boston,Boston
Arts & Business Council of Gr. Boston,Boston
"Arts Empowering Life Foundation, Inc.",Orleans
"Arts Empowering Life Foundation, Inc.",Orleans
Arts League of Lowell,Lowell
Arts League of Lowell,Lowell
Arts United Fall River,Fall River
"ArtsBoston, Inc.",Boston
"ArtsBoston, Inc.",Boston
"Artspace, Inc.",Maynard
"ArtsWorcester, Inc.",Worcester
Asian American Resource Workshop,Dorchester
"Aso Studio, Inc.^Kaji",Boston
"Aso Studio, Inc.^Kaji",Boston
"Association to Preserve Cape Cod, Inc.",Dennis
Attleboro Arts Museum,Attleboro
"Available Potential Enterprises, Ltd.",Northampton
"Available Potential Enterprises, Ltd.",Northampton
"Ballet Theatre of Boston, Inc.",Cambridge
"Ballet Theatre of Boston, Inc.",Cambridge
Bard College at Simon's Rock,Great Barrington
"Barnstable Historical Society, Inc.",Barnstable
Barnstable^Town of,Hyannis
Barre Library Association,Barre
Barre Library Association,Barre
"Barrington Stage Company, Inc.",Pittsfield
"Barrington Stage Company, Inc.",Pittsfield
"Barrington Stage Company, Inc.",Pittsfield
"Barrington Stage Company, Inc.",Pittsfield
"Barrington Stage Company, Inc.",Pittsfield
Becker College,Worcester
Becket Arts Center of the Hilltowns,Becket
Becket Arts Center of the Hilltowns,Becket
Becket Arts Center of the Hilltowns,Becket
Bellamy Memorial Association^Edward,Chicopee
Bennett Library and Cultural Center,Billerica
"Berklee College of Music, Inc.",Boston
"Berklee College of Music, Inc.",Boston
Berkshire Athenaeum,Pittsfield
Berkshire Botanical Garden^The,Stockbridge
Berkshire Botanical Garden^The,Stockbridge
Berkshire Botanical Garden^The,Stockbridge
Berkshire Botanical Garden^The,Stockbridge
"Berkshire Carousel, Inc.",Lanesboro
"Berkshire Carousel, Inc.",Lanesboro
"Berkshire Carousel, Inc.",Lanesboro
Berkshire Choral International,Sheffield
Berkshire Choral International,Sheffield
Berkshire Community College,Pittsfield
Berkshire Film and Media Collaborative,Pittsfield
"Berkshire Gateway Preservation, Inc.",Lee
"Berkshire Gateway Preservation, Inc.",Lee
"Berkshire Gateway Preservation, Inc.",Lee
"Berkshire Gateway Preservation, Inc.",Lee
"Berkshire Historical Society, Inc.^The",Pittsfield
"Berkshire Historical Society, Inc.^The",Pittsfield
"Berkshire Historical Society, Inc.^The",Pittsfield
"Berkshire Historical Society, Inc.^The",Pittsfield
Berkshire Museum^The,Pittsfield
Berkshire Museum^The,Pittsfield
Berkshire Museum^The,Pittsfield
Berkshire Museum^The,Pittsfield
"Berkshire Music School, Inc.^The",Pittsfield
"Berkshire Music School, Inc.^The",Pittsfield
"Berkshire Music School, Inc.^The",Pittsfield
"Berkshire Pulse, Inc.",Housatonic
"Berkshire Pulse, Inc.",Housatonic
"Berkshire Pulse, Inc.",Housatonic
"Berkshire Scenic Railway Museum, Inc.",Lenox
"Berkshire Scenic Railway Museum, Inc.",Lenox
"Berkshire Scenic Railway Museum, Inc.",Lenox
"Berkshire Scenic Railway Museum, Inc.",Lenox
Berkshire Theatre Group,Pittsfield
Berkshire Theatre Group,Pittsfield
Berkshire Theatre Group,Pittsfield
Berkshire Theatre Group,Pittsfield
Berkshire Theatre Group,Pittsfield
Berlin^Town of,Berlin
"Bidwell House, Inc.^The",Monterey
"Bidwell House, Inc.^The",Monterey
Blackstone River Valley Natl. Corridor,Whitinsville
Blackstone River Valley Natl. Corridor,Whitinsville
Boch Center^The,Boston
Boch Center^The,Boston
Boch Center^The,Boston
Boch Center^The,Boston
Boch Center^The,Boston
Boch Center^The,Boston
Boch Center^The,Boston
Boch Center^The,Boston
"Bolton Conservation Trust, Inc.",Bolton
Boston Architectural College^The,Boston
Boston Arts and Culture Deparatment,Boston
"Boston Athenaeum, Inc.",Boston
"Boston Athenaeum, Inc.",Boston
"Boston Ballet, Inc.",Boston
"Boston Ballet, Inc.",Boston
"Boston Ballet, Inc.",Boston
"Boston Ballet, Inc.",Boston
"Boston Ballet, Inc.",Boston
"Boston Ballet, Inc.",Boston
"Boston Center for the Arts, Inc.",Boston
"Boston Center for the Arts, Inc.",Boston
"Boston Center for the Arts, Inc.",Boston
"Boston Center for the Arts, Inc.",Boston
"Boston Center for the Arts, Inc.",Boston
"Boston Center for the Arts, Inc.",Boston
"Boston Children's Chorus, Inc.",Boston
"Boston Children's Chorus, Inc.",Boston
Boston Children's Museum,Boston
Boston Children's Museum,Boston
Boston Children's Museum,Boston
Boston Children's Museum,Boston
Boston Children's Museum,Boston
Boston Chinatown Neighborhood Center,Boston
Boston Conservatory at Berklee^The,Boston
Boston Conservatory at Berklee^The,Boston
Boston Conservatory at Berklee^The,Boston
Boston Conservatory at Berklee^The,Boston
Boston Conservatory at Berklee^The,Boston
Boston Conservatory at Berklee^The,Boston
Boston Conservatory at Berklee^The,Boston
"Boston Lyric Opera Company, Inc.",Boston
Boston Mayor's Office of Arts & Culture,Boston
Boston Mayor's Office of Arts & Culture,Boston
Boston Museum^The,Boston
Boston Neighborhood Network TV,Roxbury
"Boston Symphony Orchestra, Inc.",Boston
"Boston Symphony Orchestra, Inc.",Boston
"Boston Symphony Orchestra, Inc.",Boston
"Boston Symphony Orchestra, Inc.",Boston
"Boston Symphony Orchestra, Inc.",Boston
"Boston Symphony Orchestra, Inc.",Boston
"Boston Symphony Orchestra, Inc.",Boston
"Boston Symphony Orchestra, Inc.",Boston
Boston University College of Fine Arts,Boston
Boston University College of Fine Arts,Boston
Boston University College of Fine Arts,Boston
Boston University College of Fine Arts,Boston
"Boston Youth Symphony Orchestras, Inc.",Boston
"Boston Youth Symphony Orchestras, Inc.",Boston
"Boston Youth Symphony Orchestras, Inc.",Boston
Boston^City of,Boston
BostonAPP/Lab,Boston
BostonAPP/Lab,Boston
Bostonian Society^The,Boston
Bostonian Society^The,Boston
Bostonian Society^The,Boston
Bostonian Society^The,Boston
Bostonian Society^The,Boston
Brandeis University,Waltham
Brandeis University,Waltham
Brattle Film Foundation,Cambridge
Brattle Film Foundation,Cambridge
"Brewster Historical Society, Inc.^The",Brewster
"Brewster Historical Society, Inc.^The",Brewster
Bridgewater State University,Bridgewater
Bridgewater^Town of,Bridgewater
Bridgewater^Town of,Bridgewater
Broadmoor Wildlife Sanctuary,South Natick
"Brookline Arts Center, Inc.",Brookline
"Brookline Arts Center, Inc.",Brookline
"Brookline Arts Center, Inc.",Brookline
"Brookline Arts Center, Inc.",Brookline
"Brookline Arts Center, Inc.",Brookline
"Buckland Historical Society, Inc.",Buckland
"Buckland Historical Society, Inc.",Buckland
"Burgess Society, Inc.^Thornton W.",East Sandwich
"Burgess Society, Inc.^Thornton W.",East Sandwich
"Burgess Society, Inc.^Thornton W.",East Sandwich
Buttonwood Park Zoo,New Bedford
Cabot^The,Beverly
Cabot^The,Beverly
Cabot^The,Beverly
Cabot^The,Beverly
"CACHE in Medford, Inc.",Medford
Cahoon Museum of American Art,Cotuit
Cambridge Center for Adult Education,Cambridge
Cambridge Center for Adult Education,Cambridge
"Cambridge Community Center, Inc.",Cambridge
Cambridge Community Television,Cambridge
Cambridge Historical Society,Cambridge
Cambridge Multicultural Arts Center,Cambridge
Cambridge Multicultural Arts Center,Cambridge
Cambridge Youth Dance Program,Somerville
"Cape Ann Art Haven, Inc.",Gloucester
Cape Ann Museum,Gloucester
Cape Ann Museum,Gloucester
Cape Ann Museum,Gloucester
Cape Ann Museum,Gloucester
Cape Ann Museum,Gloucester
Cape Ann Museum,Gloucester
"Cape Cod Art Association, Inc.",Barnstable
"Cape Cod Art Association, Inc.",Barnstable
"Cape Cod Art Association, Inc.",Barnstable
"Cape Cod Art Association, Inc.",Barnstable
"Cape Cod Art Association, Inc.",Barnstable
Cape Cod Center for the Arts,Dennis
Cape Cod Center for the Arts,Dennis
Cape Cod Center for the Arts,Dennis
Cape Cod Center for the Arts,Dennis
Cape Cod Children's Museum,Mashpee
Cape Cod Community College Educ. Fndn.,West Barnstable
Cape Cod Community College Educ. Fndn.,West Barnstable
Cape Cod Community College Educ. Fndn.,West Barnstable
Cape Cod Conservatory,West Barnstable
Cape Cod Conservatory,West Barnstable
Cape Cod Conservatory,West Barnstable
Cape Cod Conservatory,West Barnstable
Cape Cod Cultural Center for the Arts,Yarmouthport
Cape Cod Maritime Museum,Hyannis
Cape Cod Modern House Trust,South Wellfleet
Cape Cod Modern House Trust,South Wellfleet
Cape Cod Modern House Trust,South Wellfleet
"Cape Cod Museum of Art, Inc.^The",Dennis
"Cape Cod Museum of Art, Inc.^The",Dennis
"Cape Cod Museum of Art, Inc.^The",Dennis
"Cape Cod Museum of Art, Inc.^The",Dennis
Cape Cod Museum of Natural History,Brewster
Cape Cod Pilgrim Memorial Association,Provincetown
Cape Cod Pilgrim Memorial Association,Provincetown
Cape Cod Pilgrim Memorial Association,Provincetown
Cape Cod Pilgrim Memorial Association,Provincetown
Cape Cod Pilgrim Memorial Association,Provincetown
Cape Cod Pilgrim Memorial Association,Provincetown
"Cape Cod Repertory Theatre Co., Inc.",Brewster
"Cape Cod Repertory Theatre Co., Inc.",Brewster
"Cape Cod Repertory Theatre Co., Inc.",Brewster
"Cape Cod Repertory Theatre Co., Inc.",Brewster
"Cape Cod Repertory Theatre Co., Inc.",Brewster
"Cape Cod Repertory Theatre Co., Inc.",Brewster
Cape Cod Symphony and Conservatory,Hyannis
Cape Cod Symphony and Conservatory,Hyannis
Cape Cod Symphony and Conservatory,Hyannis
Cape Verdean Association in New Bedford,New Bedford
Cape Verdean Association in New Bedford,New Bedford
Cape Verdean Association in New Bedford,New Bedford
Cape Verdean Association of Brockton,Brockton
Carle Museum of Picture Book Art^Eric,Amherst
Carle Museum of Picture Book Art^Eric,Amherst
Carle Museum of Picture Book Art^Eric,Amherst
Carle Museum of Picture Book Art^Eric,Amherst
Carle Museum of Picture Book Art^Eric,Amherst
Carle Museum of Picture Book Art^Eric,Amherst
Carle Museum of Picture Book Art^Eric,Amherst
Cataumet Schoolhouse Preservation Group,Cataumet
"Celebrity Series of Boston, Inc.",Boston
"Celebrity Series of Boston, Inc.",Boston
"Celebrity Series of Boston, Inc.",Boston
Center for Arts at the Armory^The,Somerville
Center for Arts at the Armory^The,Somerville
Center for Arts at the Armory^The,Somerville
Center for Arts at the Armory^The,Somerville
Center for Arts at the Armory^The,Somerville
Center for Arts at the Armory^The,Somerville
"Center for Performing Arts, Inc.",Wakefield
Center for the Arts in Natick^The,Natick
Center for the Arts in Natick^The,Natick
Center for the Arts in Natick^The,Natick
Center for the Arts in Natick^The,Natick
Center for the Arts in Natick^The,Natick
Center for the Arts in Natick^The,Natick
Center for the Arts in Natick^The,Natick
Centerville Historical Museum,Centerville
Centerville Historical Museum,Centerville
Centerville Public Library Association,Centerville
"Central Square Theater, Inc.",Cambridge
"Central Square Theater, Inc.",Cambridge
"Central Square Theater, Inc.",Cambridge
"Charles River Conservancy, Inc.^The",Cambridge
Charles River Museum of Industry,Waltham
"Charlestown Working Theater, Inc.",Charlestown
"Chatham Historical Society, Inc.",Chatham
"Chatham Historical Society, Inc.",Chatham
"Chatham Marconi Maritime Center, Inc.",North Chatham
"Chatham Marconi Maritime Center, Inc.",North Chatham
"Chatham Marconi Maritime Center, Inc.",North Chatham
"Chatham Orpheum Theater, Inc.",Chatham
Chatham^Town of,Chatham
"Chester Theatre Company, Inc.",Chester
"Chester Theatre Company, Inc.",Chester
Chesterwood Museum and Estate,Stockbridge
Chesterwood Museum and Estate,Stockbridge
Chesterwood Museum and Estate,Stockbridge
Chesterwood Museum and Estate,Stockbridge
Chicopee Department of Planning & Dev.,Chicopee
Chicopee Department of Planning & Dev.,Chicopee
Children's Museum at Holyoke,Holyoke
Children's Museum of Greater Fall River,Fall River
Children's Museum of Greater Fall River,Fall River
Children's School of Science^The,Woods Hole
Chinese Consolidated Benevolent Assn.,Boston
Chinese Consolidated Benevolent Assn.,Boston
Chinese Historical Society New England,Boston
Chinese Historical Society New England,Boston
"CitySpace, Inc.",Easthampton
"CitySpace, Inc.",Easthampton
"CitySpace, Inc.",Easthampton
"CitySpace, Inc.",Easthampton
"CitySpace, Inc.",Easthampton
Clark Art Institute^Sterling & Francine,Williamstown
Clark Art Institute^Sterling & Francine,Williamstown
Clark Art Institute^Sterling & Francine,Williamstown
Clark Art Institute^Sterling & Francine,Williamstown
Clark Art Institute^Sterling & Francine,Williamstown
Clark Art Institute^Sterling & Francine,Williamstown
Clark Art Institute^Sterling & Francine,Williamstown
"Clinton Church Restoration, Inc.",Great Barrington
Cloud Artscience Foundation^The,Cambridge
Cloud Artscience Foundation^The,Cambridge
Cloud Artscience Foundation^The,Cambridge
"Clubhouse Network, Inc.^The",Roxbury
"Coalition for Buzzards Bay, Inc.^The",New Bedford
"Coalition for Buzzards Bay, Inc.^The",New Bedford
Cohasset^Town of,Cohasset
Cohasset^Town of,Cohasset
"College Light Opera Company, Inc.",Falmouth
"College Light Opera Company, Inc.",Falmouth
College of Our Lady of the Elms,Chicopee
"Colonial Theatre Association, Inc.^The",Pittsfield
"Commonwealth Shakespeare Company, Inc.",Babson Park
"Commonwealth Shakespeare Company, Inc.",Babson Park
"Commonwealth Shakespeare Company, Inc.",Babson Park
"Commonwealth Shakespeare Company, Inc.",Babson Park
"Community Access to the Arts, Inc.",Great Barrington
"Community Access to the Arts, Inc.",Great Barrington
"Community Access to the Arts, Inc.",Great Barrington
"Community Boating Center, Inc.",New Bedford
Community Music School of Springfield,Springfield
Community Music School of Springfield,Springfield
Community Music School of Springfield,Springfield
"Company Theatre, Inc.^The",Norwell
"Company Theatre, Inc.^The",Norwell
"Concord Art Association, Inc.",Concord
"Concord Art Association, Inc.",Concord
Concord Conservatory of Music^The,Concord
Concord Conservatory of Music^The,Concord
Concord Free Public Library,Concord
Concord Museum,Concord
Concord Museum,Concord
Concord Museum,Concord
Concord Museum,Concord
Concord Museum,Concord
Concord Museum,Concord
Contemporary Artists Center^The,North Adams
Contemporary Artists Center^The,North Adams
Contemporary Arts International,Acton
"Coolidge Corner Theatre Foundation, Inc.",Brookline
"Coolidge Corner Theatre Foundation, Inc.",Brookline
"Coolidge Corner Theatre Foundation, Inc.",Brookline
"Coolidge Corner Theatre Foundation, Inc.",Brookline
"Coolidge Corner Theatre Foundation, Inc.",Brookline
"Coolidge Corner Theatre Foundation, Inc.",Brookline
"Cotuit Center for the Arts, Inc.",Cotuit
"Cotuit Center for the Arts, Inc.",Cotuit
"Cotuit Center for the Arts, Inc.",Cotuit
"Cotuit Center for the Arts, Inc.",Cotuit
"Cotuit Center for the Arts, Inc.",Cotuit
"Cotuit Center for the Arts, Inc.",Cotuit
"Creative Arts for Kids, Inc.",Reading
"Creative Haverhill, Inc.",Haverhill
"Creative Haverhill, Inc.",Haverhill
"Creative Haverhill, Inc.",Haverhill
"Creative Haverhill, Inc.",Haverhill
"Creative Haverhill, Inc.",Haverhill
"Cultural Center of Cape Cod, Inc.^The",South Yarmouth
"Cultural Center of Cape Cod, Inc.^The",South Yarmouth
"Cultural Center of Cape Cod, Inc.^The",South Yarmouth
"Cultural Center of Cape Cod, Inc.^The",South Yarmouth
"Cultural Center of Cape Cod, Inc.^The",South Yarmouth
Cultural Organization of Lowell,Lowell
Cultural Organization of Lowell,Lowell
"Dance Complex, Inc.^The",Cambridge
"Dance Complex, Inc.^The",Cambridge
"Dance Complex, Inc.^The",Cambridge
"Dance Complex, Inc.^The",Cambridge
"Dance Complex, Inc.^The",Cambridge
Danforth Art Museum at Framingham State,Framingham
Danforth Art Museum at Framingham State,Framingham
Danforth Art Museum at Framingham State,Framingham
Danforth Art Museum at Framingham State,Framingham
Danforth Art Museum at Framingham State,Framingham
Danvers Historical Society,Danvers
Davis Museum and Cultural Center,Wellesley
Dean College,Franklin
Dean College,Franklin
DeCordova Sculpture Park and Museum,Lincoln
DeCordova Sculpture Park and Museum,Lincoln
DeCordova Sculpture Park and Museum,Lincoln
DeCordova Sculpture Park and Museum,Lincoln
DeCordova Sculpture Park and Museum,Lincoln
DeCordova Sculpture Park and Museum,Lincoln
DeCordova Sculpture Park and Museum,Lincoln
Devens Historical Museum,Devens
Devens Historical Museum,Devens
"Dewey Memorial Hall, Inc.",Sheffield
Dickinson Museum^The Emily,Amherst
Dickinson Museum^The Emily,Amherst
Dickinson Museum^The Emily,Amherst
Dickinson Museum^The Emily,Amherst
"Discovery Museum, Inc.",Acton
"Discovery Museum, Inc.",Acton
"Discovery Museum, Inc.",Acton
"Discovery Museum, Inc.",Acton
"District Center for the Arts, Inc.^The",Taunton
Dorchester Community Ctr. for Visual Art,Dorchester Center
Dorchester Historical Society,Dorchester
"Double Edge Theatre Productions, Inc.",Ashfield
"Double Edge Theatre Productions, Inc.",Ashfield
"Double Edge Theatre Productions, Inc.",Ashfield
"Double Edge Theatre Productions, Inc.",Ashfield
"Double Edge Theatre Productions, Inc.",Ashfield
"Double Edge Theatre Productions, Inc.",Ashfield
"Double Edge Theatre Productions, Inc.",Ashfield
"Double Edge Theatre Productions, Inc.",Ashfield
"Downtown Taunton Foundation, Inc.",Taunton
"Downtown Taunton Foundation, Inc.",Taunton
"Drama Studio, Inc.",Springfield
"Drama Studio, Inc.",Springfield
"Drama Studio, Inc.",Springfield
Drumlin Farm,Lincoln
Drumlin Farm,Lincoln
Duxbury Rural and Historical Society,Duxbury
Duxbury Rural and Historical Society,Duxbury
Duxbury Rural and Historical Society,Duxbury
"Dwight-Derby House, Inc.^Friends of the",Medfield
"Dwight-Derby House, Inc.^Friends of the",Medfield
e inc.,Boston
e inc.,Boston
e inc.,Boston
"Earthdance Creative Living Project, Inc.",Plainfield
"Earthdance Creative Living Project, Inc.",Plainfield
"Earthdance Creative Living Project, Inc.",Plainfield
"Earthdance Creative Living Project, Inc.",Plainfield
"Earthdance Creative Living Project, Inc.",Plainfield
"Earthdance Creative Living Project, Inc.",Plainfield
"Easthampton Media, Inc.",Easthampton
"Easton Children's Museum, Inc.",North Easton
"Easton Children's Museum, Inc.",North Easton
EcoTarium,Worcester
EcoTarium,Worcester
EcoTarium,Worcester
EcoTarium,Worcester
EcoTarium,Worcester
EcoTarium,Worcester
EcoTarium,Worcester
EcoTarium,Worcester
EcoTarium,Worcester
EcoTarium,Worcester
EcoTarium,Worcester
Eliot School of Fine & Applied Arts^The,Jamaica Plain
Eliot School of Fine & Applied Arts^The,Jamaica Plain
Emerson College,Boston
Emerson College,Boston
Emerson College,Boston
Emmanuel College,Boston
Emmanuel College,Boston
Emmanuel College,Boston
Endicott College,Beverly
Endicott College,Beverly
Endicott College,Beverly
"Enter Stage Left Theater, Inc.",Hopkinton
"Espirito Santo Museum Foundation, Inc.",New Bedford
"Essex Art Center, Inc.",Lawrence
"Essex Art Center, Inc.",Lawrence
"Essex Art Center, Inc.",Lawrence
"Essex Art Center, Inc.",Lawrence
Essex Shipbuilding Museum,Essex
Essex Shipbuilding Museum,Essex
Essex Shipbuilding Museum,Essex
"FABLabs for America, Inc.",Boston
"Falmouth Artists Guild, Inc.",Falmouth
"Falmouth Artists Guild, Inc.",Falmouth
"Falmouth Artists Guild, Inc.",Falmouth
"Falmouth Artists Guild, Inc.",Falmouth
Falmouth Community Television Corp.,Falmouth
"Falmouth Historical Society, Inc.",Falmouth
"Falmouth Historical Society, Inc.",Falmouth
"Falmouth Historical Society, Inc.",Falmouth
"Falmouth Historical Society, Inc.",Falmouth
"Falmouth Historical Society, Inc.",Falmouth
Falmouth^Town of,Falmouth
"Featherstone Center for the Arts, Inc.",Oak Bluffs
"Featherstone Center for the Arts, Inc.",Oak Bluffs
Feinberg Foundation^The Kenneth,Brockton
"Fenway Studios, Inc.^Friends of",Boston
"Fenway Studios, Inc.^Friends of",Boston
"Fenway Studios, Inc.^Friends of",Boston
Fiddlehead Theatre Company,Norwood
Fiddlehead Theatre Company,Norwood
Fine Arts Work Center in Provincetown,Provincetown
Fine Arts Work Center in Provincetown,Provincetown
Fine Arts Work Center in Provincetown,Provincetown
Firehouse Center for the Arts^The,Newburyport
Firehouse Center for the Arts^The,Newburyport
Firehouse Center for the Arts^The,Newburyport
First Parish Meeting House Prsv. Society,Shirley
First Parish Meeting House Prsv. Society,Shirley
First Parish Meeting House Prsv. Society,Shirley
First Parish Meeting House Prsv. Society,Shirley
"Fitchburg Art Museum, Inc.",Fitchburg
"Fitchburg Art Museum, Inc.",Fitchburg
Fitchburg Historical Society,Fitchburg
Fitchburg Historical Society,Fitchburg
Fitchburg Historical Society,Fitchburg
Fitchburg Historical Society,Fitchburg
"Fitchburg State University Fndn., Inc.",Fitchburg
Flyleaf Theater Company,Berlin
Footlight Club Community Theatre^The,Jamaica Plain
Footlight Club Community Theatre^The,Jamaica Plain
Footlight Club Community Theatre^The,Jamaica Plain
Footlight Club Community Theatre^The,Jamaica Plain
Forbes House^Captain Robert Bennet,Milton
Forbes House^Captain Robert Bennet,Milton
Forbes House^Captain Robert Bennet,Milton
Forbes House^Captain Robert Bennet,Milton
Forbes House^Captain Robert Bennet,Milton
Forbes Library,Northampton
"Fort Point Arts Community, Inc.",Boston
"Fort Point Arts Community, Inc.",Boston
Fort Sewall Oversight Committee,Marblehead
Foxborough^Town of,Foxborough
"Framingham History Center, Inc.",Framingham
Framingham Planning & Economic Dev.,Framingham
Framingham Planning & Economic Dev.,Framingham
Framingham Public Access Corporation,Framingham
Framingham Public Library,Framingham
Framingham^City of,Framingham
Framingham^City of,Framingham
"Franklin Performing Arts Company, Inc.",Franklin
"Franklin Performing Arts Company, Inc.",Franklin
Frelinghuysen Morris Foundation,Lenox
Frelinghuysen Morris Foundation,Lenox
"Fruitlands Museums, Inc.",Harvard
"Fruitlands Museums, Inc.",Harvard
"Fruitlands Museums, Inc.",Harvard
"Fruitlands Museums, Inc.",Harvard
"Fruitlands Museums, Inc.",Harvard
Fuller Craft Museum,Brockton
Fuller Craft Museum,Brockton
Fuller Craft Museum,Brockton
Fuller Craft Museum,Brockton
Fuller Craft Museum,Brockton
Fund for Parks and Recreation in Boston,Boston
Fund for Parks and Recreation in Boston,Boston
"Gallery X, Inc.",New Bedford
"Gallery X, Inc.",New Bedford
"Gallery X, Inc.",New Bedford
"Gardner Museum, Inc.^Isabella Stewart",Boston
"Gardner Museum, Inc.^Isabella Stewart",Boston
"Gardner Museum, Inc.^Isabella Stewart",Boston
"Gardner Museum, Inc.^Isabella Stewart",Boston
General Society of Mayflower Descendants,Plymouth
General Society of Mayflower Descendants,Plymouth
"Gloucester Adventure, Inc.",Gloucester
"Gloucester Adventure, Inc.",Gloucester
Gloucester Maritime Heritage Center,Gloucester
Gloucester Maritime Heritage Center,Gloucester
Gloucester Meetinghouse Foundation,Gloucester
Gloucester Meetinghouse Foundation,Gloucester
Gloucester Meetinghouse Foundation,Gloucester
"Gloucester Stage Company, Inc.",Gloucester
"Gloucester Stage Company, Inc.",Gloucester
"Gloucester Stage Company, Inc.",Gloucester
"Gloucester Writers Center, Inc.",Gloucester
Gloucester^City of,Gloucester
Gordon College,Wenham
Gordon College,Wenham
Gordon College,Wenham
"Gore Place Society, Inc.",Waltham
"Gore Place Society, Inc.",Waltham
"Gore Place Society, Inc.",Waltham
"Gore Place Society, Inc.",Waltham
"Gore Place Society, Inc.",Waltham
Graves Foundation^Marleah Elizabeth,Saugus
Graves Foundation^Marleah Elizabeth,Saugus
Great Barrington Historical Society^The,Great Barrington
Great Barrington Historical Society^The,Great Barrington
Greater Boston Stage Company,Stoneham
Greater Boston Stage Company,Stoneham
Greater Boston Stage Company,Stoneham
Greater Boston Stage Company,Stoneham
Greater Boston Stage Company,Stoneham
Greater Fall River Art Association^The,Fall River
Greater Plymouth Performing Arts Center,Plymouth
Greater Plymouth Performing Arts Center,Plymouth
"Green Street Studios, Inc.",Cambridge
"Green Street Studios, Inc.",Cambridge
"Green Street Studios, Inc.",Cambridge
"Green Street Studios, Inc.",Cambridge
Greenfield Community College,Greenfield
Groton Historical Society,Groton
"Grub Street, Inc.",Boston
"Grub Street, Inc.",Boston
"Grub Street, Inc.",Boston
"Guild of Boston Artists, Inc.^The",Boston
"Guild of Boston Artists, Inc.^The",Boston
Guthrie Center^The,Great Barrington
Guthrie Center^The,Great Barrington
Guthrie Center^The,Great Barrington
Guthrie Center^The,Great Barrington
Guthrie Center^The,Great Barrington
Hamilton^Town of,Hamilton
Hamilton^Town of,Hamilton
Hamilton^Town of,Hamilton
Hamilton^Town of,Hamilton
Hamilton^Town of,Hamilton
Hammond Castle Museum,Gloucester
Hammond Castle Museum,Gloucester
Hampshire Council of Governments,Northampton
"Hampshire, Franklin, Hampden Agri. Soc.",Northampton
"Hampshire, Franklin, Hampden Agri. Soc.",Northampton
"Hancock Shaker Village, Inc.",Pittsfield
"Hancock Shaker Village, Inc.",Pittsfield
"Hancock Shaker Village, Inc.",Pittsfield
"Hancock Shaker Village, Inc.",Pittsfield
"Hancock Shaker Village, Inc.",Pittsfield
"Happier Valley Comedy, Inc.",Hadley
"Harrison Society, Inc.^The Samuel",Pittsfield
Harvard Art Museums,Cambridge
Harvard Art Museums,Cambridge
Harvard Art Museums,Cambridge
Harvard Mineralogica/Geological Museum,Cambridge
Harvard Museums of Science and Culture,Cambridge
Harvard Museums of Science and Culture,Cambridge
Harvard Museums of Science and Culture,Cambridge
Harvard^Town of,Harvard
Harvard^Town of,Harvard
Harwich Jr. Theatre Company,West Harwich
Harwich Jr. Theatre Company,West Harwich
Harwich Jr. Theatre Company,West Harwich
Harwich Jr. Theatre Company,West Harwich
Harwich^Town of,Harwich
Haverhill Community Development^City of,Haverhill
Heritage Museums & Gardens,Sandwich
Heritage Museums & Gardens,Sandwich
Heritage Museums & Gardens,Sandwich
Heritage Museums & Gardens,Sandwich
"Higgins Armory, Inc.^John Woodman",Worcester
"Highlands Center, Inc.",Brewster
"Hillside Restoration Project, Inc.",Boylston
"Hillside Restoration Project, Inc.",Boylston
"Hillside Restoration Project, Inc.",Boylston
"Hillside Restoration Project, Inc.",Boylston
"Hillside Restoration Project, Inc.",Boylston
Hingham Historical Society,Hingham
Hingham Historical Society,Hingham
"Historic Deerfield, Inc.",Deerfield
"Historic Deerfield, Inc.",Deerfield
"Historic Deerfield, Inc.",Deerfield
"Historic Deerfield, Inc.",Deerfield
"Historic Highfield, Inc.",Falmouth
Historic New England,Boston
Historic New England,Boston
Historic New England Haverhill,Haverhill
Historic New Salem^Friends of,New Salem
Historic New Salem^Friends of,New Salem
"Historic Northampton, Inc.",Northampton
"Historic Northampton, Inc.",Northampton
History Alive!,Wenham
"Hitchcock Center, Inc.^The",Amherst
"Hitchcock Center, Inc.^The",Amherst
"Hitchcock Center, Inc.^The",Amherst
"Hitchcock Center, Inc.^The",Amherst
"Hitchcock Center, Inc.^The",Amherst
Holliston Historical Society,Holliston
"Holyoke Community Media, Inc.",Holyoke
Holyoke Public Library,Holyoke
Holyoke^City of,Holyoke
Hopkinton Center for the Arts,Hopkinton
Hopkinton Center for the Arts,Hopkinton
Hopkinton Center for the Arts,Hopkinton
Hostelling International-USA,Boston
House of the Seven Gables^The,Salem
House of the Seven Gables^The,Salem
House of the Seven Gables^The,Salem
Hoxie Center at Sagamore Beach,Sagamore Beach
"Hull Lifesaving Museum, Inc.",Hull
"Hull Lifesaving Museum, Inc.",Hull
"Hull Lifesaving Museum, Inc.",Hull
"Hull Lifesaving Museum, Inc.",Hull
"Hull Lifesaving Museum, Inc.",Hull
"Hull Lifesaving Museum, Inc.",Hull
"Huntington Theatre Company, Inc.",Boston
"Huntington Theatre Company, Inc.",Boston
"Huntington Theatre Company, Inc.",Boston
"Huntington Theatre Company, Inc.",Boston
"Huntington Theatre Company, Inc.",Boston
"Huntington Theatre Company, Inc.",Boston
"Huntington Theatre Company, Inc.",Boston
"Hyde Square Task Force, Inc.^The",Jamaica Plain
Images Cinema,Williamstown
Images Cinema,Williamstown
Images Cinema,Williamstown
Immigrant City Archives and Museum^The,Lawrence
Immigrant City Archives and Museum^The,Lawrence
Immigrant City Archives and Museum^The,Lawrence
"Indian Hill Music, Inc.",Littleton
Inner City Sanctuary for the Arts,Milford
"Inquilinos Boricuas en Acci贸n, Inc.",Boston
"Inquilinos Boricuas en Acci贸n, Inc.",Boston
"Inquilinos Boricuas en Acci贸n, Inc.",Boston
"Inquilinos Boricuas en Acci贸n, Inc.",Boston
"Inspire Arts and Music, Inc.",Boston
"Inspire Arts and Music, Inc.",Boston
"Inspire Arts and Music, Inc.",Boston
"Inspire Arts and Music, Inc.",Boston
Institute of Contemporary Art^The,Boston
Institute of Contemporary Art^The,Boston
Institute of Contemporary Art^The,Boston
Institute of Contemporary Art^The,Boston
Institute of Contemporary Art^The,Boston
Institute of Contemporary Art^The,Boston
Institute of Contemporary Art^The,Boston
Ipswich Museum,Ipswich
Ipswich Museum,Ipswich
Ipswich River Wildlife Sanctuary,Topsfield
Irish Cultural Center of Western NE,West Springfield
IS183 Art School of the Berkshires,Stockbridge
IS183 Art School of the Berkshires,Stockbridge
"Jacob's Pillow Dance Festival, Inc.",Becket
"Jacob's Pillow Dance Festival, Inc.",Becket
"Jacob's Pillow Dance Festival, Inc.",Becket
"Jacob's Pillow Dance Festival, Inc.",Becket
"Jacob's Pillow Dance Festival, Inc.",Becket
"Jacob's Pillow Dance Festival, Inc.",Becket
"Jacob's Pillow Dance Festival, Inc.",Becket
"Jacob's Pillow Dance Festival, Inc.",Becket
"Jacob's Pillow Dance Festival, Inc.",Becket
Jamaica Plain Arts and Civic Center,Jamaica Plain
"Jamaica Plain Tuesday Club, Inc.",Jamaica Plain
"Jamaica Plain Tuesday Club, Inc.",Jamaica Plain
James Library and Center for the Arts,Norwell
JCAM Charitable Foundation,Newton Center
JCAM Charitable Foundation,Newton Center
JCAM Charitable Foundation,Newton Center
Johnson Library^Harold F.,Amherst
Jones River Landing Env. Hertiage Center,Kingston
Jones River Landing Env. Hertiage Center,Kingston
Jones River Landing Env. Hertiage Center,Kingston
Jones River Landing Env. Hertiage Center,Kingston
Jones River Village Historical Society,Kingston
Joppa Flats Education Center,Newburyport
"Joy of Music Program, Inc.",Worcester
"Joy of Music Program, Inc.",Worcester
"Joy of Music Program, Inc.",Worcester
"Joy of Music Program, Inc.",Worcester
"Joy of Music Program, Inc.",Worcester
Kennedy Greenway Conservancy^Rose F.,Boston
Kennedy Greenway Conservancy^Rose F.,Boston
Kennedy Greenway Conservancy^Rose F.,Boston
Kennedy Greenway Conservancy^Rose F.,Boston
Kennedy Greenway Conservancy^Rose F.,Boston
"Kennedy Hyannis Museum, Inc.^John F.",Hyannis
"Kennedy Hyannis Museum, Inc.^John F.",Hyannis
"Kennedy Hyannis Museum, Inc.^John F.",Hyannis
"Kennedy Hyannis Museum, Inc.^John F.",Hyannis
"Kennedy Hyannis Museum, Inc.^John F.",Hyannis
"Kennedy Hyannis Museum, Inc.^John F.",Hyannis
"Kennedy Library Foundation, Inc.^John F.",Boston
"Kennedy Library Foundation, Inc.^John F.",Boston
"Kennedy Library Foundation, Inc.^John F.",Boston
Kwong Kow Chinese School,Boston
Lafayette-Durfee Historical Foundation,Fall River
Lakeville Arts Council,Lakeville
Lancaster^Town of,Lancaster
"Lanesville Community Center, Inc.",Gloucester
Leicester Public Library,Leicester
Lesley University,Cambridge
Lesley University,Cambridge
Lesley University,Cambridge
"Leventhal Map Center, Inc.^The Norman B.",Boston
Leventhal-Sidman Jewish Community Center,Newton
Leventhal-Sidman Jewish Community Center,Newton
Leventhal-Sidman Jewish Community Center,Newton
Lexington Historical Society,Lexington
Lexington Historical Society,Lexington
Lexington Historical Society,Lexington
Lexington Historical Society,Lexington
Lexington^Town of,Lexington
Lexington^Town of,Lexington
"Little Theatre of Fall River, Inc.",Fall River
"Little Theatre of Fall River, Inc.",Fall River
"Little Theatre of Fall River, Inc.",Fall River
"Lloyd Center for the Environment, Inc.",South Dartmouth
"Lloyd Center for the Environment, Inc.",South Dartmouth
"Lloyd Center for the Environment, Inc.",South Dartmouth
"Lloyd Center for the Environment, Inc.",South Dartmouth
"Lloyd Center for the Environment, Inc.",South Dartmouth
Longfellow's Wayside Inn,Sudbury
Longy School of Music of Bard College,Cambridge
Longy School of Music of Bard College,Cambridge
Longy School of Music of Bard College,Cambridge
Longy School of Music of Bard College,Cambridge
Longy School of Music of Bard College,Cambridge
Longyear Museum,Chestnut Hill
Longyear Museum,Chestnut Hill
Longyear Museum,Chestnut Hill
Lowell Dept. of Planning & Dev.^City of,Lowell
Lowell Dept. of Planning & Dev.^City of,Lowell
Lowell Dept. of Planning & Dev.^City of,Lowell
"Lowell Parks & Conservation Trust, Inc.",Lowell
Lowell Telecommunications Corporation,Lowell
Lowell^City of,Lowell
Lowell^City of,Lowell
Lowell's Maritime Foundation,Amesbury
Lowell's Maritime Foundation,Amesbury
Lowell's Maritime Foundation,Amesbury
Lowell's Maritime Foundation,Amesbury
"Lower Cape Communications, Inc.",Provincetown
"Lower Cape Communications, Inc.",Provincetown
"Lower Cape Communications, Inc.",Provincetown
"Lower Cape Communications, Inc.",Provincetown
"Lynn Arts, Inc.",Lynn
"Lynn Arts, Inc.",Lynn
"Lynn Arts, Inc.",Lynn
Lynn Department of Community Development,Lynn
Lynn Department of Community Development,Lynn
Lynn Department of Community Development,Lynn
Lynn Department of Community Development,Lynn
Lynn Memorial Auditorium,Lynn
Lynn Memorial Auditorium,Lynn
Lynn Museum,Lynn
Lynn^City of,Lynn
Lynn^City of,Lynn
"Lyric Stage Company of Boston, Inc.",Boston
"Lyric Stage Company of Boston, Inc.",Boston
"Lyric Stage Company of Boston, Inc.",Boston
"Lyric Stage Company of Boston, Inc.",Boston
MA Center for Renaissance Studies,Amherst
MA Center for Renaissance Studies,Amherst
Madison Park Development Corporation,Roxbury
Madison Park Development Corporation,Roxbury
Madison Park Development Corporation,Roxbury
"Mahaiwe Performing Arts Center, Inc.^The",Great Barrington
"Mahaiwe Performing Arts Center, Inc.^The",Great Barrington
"Mahaiwe Performing Arts Center, Inc.^The",Great Barrington
"Mahaiwe Performing Arts Center, Inc.^The",Great Barrington
"Mahaiwe Performing Arts Center, Inc.^The",Great Barrington
"Mahaiwe Performing Arts Center, Inc.^The",Great Barrington
Mailer Writers Colony^Norman,Provincetown
"Manomet, Inc.",Manomet
"Manomet, Inc.",Manomet
"Manomet, Inc.",Manomet
"Manomet, Inc.",Manomet
Manship Artist Residence and Studios,Gloucester
Manship Artist Residence and Studios,Gloucester
Manship Artist Residence and Studios,Gloucester
"Marblehead Little Theatre, Inc.",Marblehead
"Marblehead Little Theatre, Inc.",Marblehead
"Marblehead Little Theatre, Inc.",Marblehead
"Marblehead Little Theatre, Inc.",Marblehead
"Marblehead Little Theatre, Inc.",Marblehead
"Marblehead Little Theatre, Inc.",Marblehead
Marblehead^Town of,Marblehead
"Marine Association, Inc.^Phyllis A.",Gloucester
Marine Biological Laboratory,Woods Hole
Marine Museum,Fall River
Martha's Vineyard Camp Meeting Assn.,Oak Bluffs
"Martha's Vineyard Film Society, Inc.",Vineyard Haven
"Martha's Vineyard Film Society, Inc.",Vineyard Haven
Martha's Vineyard Museum,Edgartown
Martha's Vineyard Museum,Edgartown
Martha's Vineyard Museum,Edgartown
Martha's Vineyard Museum,Edgartown
Martha's Vineyard Playhouse,Vineyard Haven
Martha's Vineyard Playhouse,Vineyard Haven
Martha's Vineyard Playhouse,Vineyard Haven
Martha's Vineyard Playhouse,Vineyard Haven
Martha's Vineyard Playhouse,Vineyard Haven
Mashpee Old Indian Meeting House Auth.,Mashpee
Mason Foundation^The Lowell,Medfield
Mason Foundation^The Lowell,Medfield
Mason Foundation^The Lowell,Medfield
Mason Foundation^The Lowell,Medfield
Mass Music & Arts Society,Mansfield
Mass Music & Arts Society,Mansfield
Mass Music & Arts Society,Mansfield
Mass Music & Arts Society,Mansfield
Mass Music & Arts Society,Mansfield
Mass Music & Arts Society,Mansfield
Mass Music & Arts Society,Mansfield
Mass Music & Arts Society,Mansfield
Massachusetts Air and Space Museum,Bedford
Massachusetts Archaeological Society,Middleborough
"Massachusetts Audubon Society, Inc.",Lincoln
"Massachusetts Audubon Society, Inc.",Lincoln
Massachusetts College of Art and Design,Boston
Massachusetts College of Art Foundation,Boston
Massachusetts College of Art Foundation,Boston
Massachusetts College of Art Foundation,Boston
Massachusetts College of Liberal Arts,North Adams
Massachusetts College of Liberal Arts,North Adams
Massachusetts College of Liberal Arts,North Adams
Massachusetts College of Liberal Arts,North Adams
Massachusetts Educational Theater Guild,Mashpee
Massachusetts Educational Theater Guild,Mashpee
Massachusetts Historical Society,Boston
Massachusetts Historical Society,Boston
Massachusetts Historical Society,Boston
Massachusetts Historical Society,Boston
Massachusetts Horticultural Society,Wellesley
Massachusetts Horticultural Society,Wellesley
Massachusetts Intl. Festival of the Arts,Holyoke
Massachusetts Intl. Festival of the Arts,Holyoke
Massachusetts Intl. Festival of the Arts,Holyoke
Massachusetts Intl. Festival of the Arts,Holyoke
Massachusetts Intl. Festival of the Arts,Holyoke
Massachusetts Intl. Festival of the Arts,Holyoke
Massachusetts Intl. Festival of the Arts,Holyoke
Massachusetts Intl. Festival of the Arts,Holyoke
Massachusetts Museum of Contemporary Art,North Adams
Massachusetts Museum of Contemporary Art,North Adams
Massachusetts Museum of Contemporary Art,North Adams
Massachusetts Museum of Contemporary Art,North Adams
Massachusetts Museum of Contemporary Art,North Adams
"Massachusetts Symphony Orchestra, Inc.",Worcester
"Massachusetts Symphony Orchestra, Inc.",Worcester
"Massachusetts Symphony Orchestra, Inc.",Worcester
"Massachusetts Symphony Orchestra, Inc.",Worcester
"Massachusetts Symphony Orchestra, Inc.",Worcester
"Massachusetts Symphony Orchestra, Inc.",Worcester
"Massachusetts Symphony Orchestra, Inc.",Worcester
"Massachusetts Symphony Orchestra, Inc.",Worcester
"McLaughlin House, Inc.^Friends of Wilson",Monterey
"McLaughlin House, Inc.^Friends of Wilson",Monterey
"McLaughlin House, Inc.^Friends of Wilson",Monterey
Medfield^Town of,Medfield
Medfield^Town of,Medfield
Medford Civic Auditorium/Convention Comm,Medford
Medford^City of,Medford
"Medicine Wheel Productions, Inc.",Boston
Medway Historical Society,Medway
"Memorial Hall Association, Inc.",Shelburne Falls
"Memorial Hall Association, Inc.",Shelburne Falls
Merrimack Repertory Theatre,Lowell
"Metropolitan Waterworks Museum, Inc.",Chestnut Hill
"Metropolitan Waterworks Museum, Inc.",Chestnut Hill
Middleborough^Town of,Middleboro
Middleborough^Town of,Middleboro
"Middlesex Canal Association, Inc.",North Billerica
Middlesex Community College Lowell,Lowell
Milton Art Center,Milton
MIT Museum,Cambridge
"Montserrat College of Art, Inc.",Beverly
"Montserrat College of Art, Inc.",Beverly
"Montserrat College of Art, Inc.",Beverly
Mosesian Center for the Arts^The,Watertown
Mosesian Center for the Arts^The,Watertown
Mosesian Center for the Arts^The,Watertown
Mosesian Center for the Arts^The,Watertown
Mosesian Center for the Arts^The,Watertown
Mother Brook Arts and Community Center,Dedham
Mother Brook Arts and Community Center,Dedham
Mother Brook Arts and Community Center,Dedham
Mount Auburn Cemetery^The Friends of,Cambridge
Mount Auburn Cemetery^The Friends of,Cambridge
Mount Auburn Cemetery^The Friends of,Cambridge
Mount Auburn Cemetery^The Friends of,Cambridge
Mount Auburn Cemetery^The Friends of,Cambridge
Mount Wachusett Community College,Gardner
Mount Wachusett Community College,Gardner
"Mudflat Pottery School, Inc.",Somerville
"Mudflat Pottery School, Inc.",Somerville
"Mudflat Pottery School, Inc.",Somerville
"Mudflat Pottery School, Inc.",Somerville
Munroe Center for the Arts,Lexington
Munroe Center for the Arts,Lexington
Museum of African American History,Boston
Museum of African American History,Boston
Museum of African American History,Boston
Museum of African American History,Boston
Museum of African American History,Boston
"Museum of Fine Arts, Boston",Boston
"Museum of Fine Arts, Boston",Boston
"Museum of Fine Arts, Boston",Boston
"Museum of Fine Arts, Boston",Boston
"Museum of Fine Arts, Boston",Boston
"Museum of Fine Arts, Boston",Boston
Museum of Science,Boston
Museum of Science,Boston
Museum of Science,Boston
Museum of Science,Boston
Museum of Science,Boston
Museum of Science,Boston
Museum of Science,Boston
"Museum of World War II, Inc.",Natick
"Museum of World War II, Inc.",Natick
Naismith Basketball Hall of Fame,Springfield
Nantucket Dreamland Foundation,Nantucket
Nantucket Dreamland Foundation,Nantucket
Nantucket Dreamland Foundation,Nantucket
Nantucket Dreamland Foundation,Nantucket
Nantucket Dreamland Foundation,Nantucket
Nantucket Dreamland Foundation,Nantucket
Nantucket Dreamland Foundation,Nantucket
Nantucket Historical Association,Nantucket
Nantucket Historical Association,Nantucket
Nantucket Historical Association,Nantucket
Nantucket Maria Mitchell Association^The,Nantucket
Nantucket Maria Mitchell Association^The,Nantucket
"Narrows Center for the Arts, Inc.",Fall River
"Narrows Center for the Arts, Inc.",Fall River
"Narrows Center for the Arts, Inc.",Fall River
"Narrows Center for the Arts, Inc.",Fall River
"Narrows Center for the Arts, Inc.",Fall River
"Narrows Center for the Arts, Inc.",Fall River
Natick Historical Society^The,Natick
National Association for Armenian Stud.,Belmont
National Association for Armenian Stud.,Belmont
National Marine Life Center,Buzzards Bay
National Society of Colonial Dames^The,Boston
National Society of Colonial Dames^The,Boston
"National Yiddish Book Center, Inc.^The",Amherst
"National Yiddish Book Center, Inc.^The",Amherst
"National Yiddish Book Center, Inc.^The",Amherst
"National Yiddish Book Center, Inc.^The",Amherst
"Native Plant Trust, Inc.",Framingham
"Native Plant Trust, Inc.",Framingham
"Native Plant Trust, Inc.",Framingham
"Natural Resources Trust of Easton, Inc.",North Easton
"Natural Resources Trust of Easton, Inc.",North Easton
Naumkeag House and Gardens,Stockbridge
Naumkeag House and Gardens,Stockbridge
New Art Center in Newton,Newtonville
New Art Center in Newton,Newtonville
New Art Center in Newton,Newtonville
New Art Center in Newton,Newtonville
New Art Center in Newton,Newtonville
New Art Center in Newton,Newtonville
"New Bedford Alumni Association, Inc.",South Dartmouth
New Bedford Art Museum/ArtWorks!,New Bedford
New Bedford Art Museum/ArtWorks!,New Bedford
New Bedford Art Museum/ArtWorks!,New Bedford
New Bedford Art Museum/ArtWorks!,New Bedford
"New Bedford Ballet Foundation, Inc.",New Bedford
"New Bedford Ballet Foundation, Inc.",New Bedford
"New Bedford Historical Society, Inc.",New Bedford
"New Bedford Historical Society, Inc.",New Bedford
"New Bedford Museum of Glass, Inc.^The",New Bedford
New Bedford Port Society,New Bedford
New Bedford Port Society,New Bedford
New Bedford Whaling Museum,New Bedford
New Bedford Whaling Museum,New Bedford
New Bedford Whaling Museum,New Bedford
New Bedford Whaling Museum,New Bedford
New Bedford Whaling Museum,New Bedford
New Bedford Whaling Museum,New Bedford
New Bedford^City of,New Bedford
New Bedford^City of,New Bedford
New Bedford^City of,New Bedford
New England Aquarium,Boston
New England Aquarium,Boston
New England Aquarium,Boston
New England Aquarium,Boston
New England Conservatory,Boston
New England Conservatory,Boston
New England Conservatory,Boston
New England Conservatory,Boston
New England Conservatory,Boston
New England Conservatory,Boston
New England Historic Genealogical Soc.,Boston
New England Historic Genealogical Soc.,Boston
New England Historic Genealogical Soc.,Boston
New England Historic Genealogical Soc.,Boston
New England Historic Genealogical Soc.,Boston
New England Performing Arts Center,Franklin
New England Performing Arts Center,Franklin
New England Public Radio Foundation,Springfield
New England Public Radio Foundation,Springfield
New England Public Radio Foundation,Springfield
New England Quilt Museum,Lowell
New England Quilt Museum,Lowell
"New Garden Park, Inc.",Worcester
"New Garden Park, Inc.",Worcester
New Habitat Iniatitives,Acton
New Marlborough Village Association,Great Barrington
New Marlborough Village Association,Great Barrington
New Marlborough Village Association,Great Barrington
New Marlborough Village Association,Great Barrington
New Players Theatre Guild,Fitchburg
"New Repertory Theatre, Inc.^The",Watertown
"New Repertory Theatre, Inc.^The",Watertown
"New School of Music, Inc.",Cambridge
Newburyport Art Association,Newburyport
Newburyport Art Association,Newburyport
Newburyport Art Association,Newburyport
Newburyport Art Association,Newburyport
"Newton Cultural Alliance, Inc.",Newton
"Newton Cultural Alliance, Inc.",Newton
"Newton Cultural Alliance, Inc.",Newton
"Newton Cultural Alliance, Inc.",Newton
"Newton Cultural Alliance, Inc.",Newton
"Newton Historical Society, Inc.",Newton
"Newton Historical Society, Inc.",Newton
"Nichols House Museum, Inc.",Boston
"Nichols House Museum, Inc.",Boston
"Nichols House Museum, Inc.",Boston
"Nickerson Family Association, Inc.",North Chatham
"Nobska Light, Inc.^Friends of",Falmouth
"NORCAM, Inc.",North Reading
"North Adams Historical Society, Inc.",North Adams
North Adams^City of,North Adams
North Adams^City of,North Adams
"North Amherst Community Farm, Inc.",North Amherst
North Bennet Street School,Boston
North Bennet Street School,Boston
North Bennet Street School,Boston
North Brookfield Town House^Friends of,North Brookfield
North Brookfield Town House^Friends of,North Brookfield
North Country Sustainability Center,Ashburnham
"North Quabbin Trails Association, Inc.",Athol
"North Quabbin Trails Association, Inc.",Athol
"North Quabbin Trails Association, Inc.",Athol
"North River Arts Society, Inc.",Marshfield Hills
"North River Arts Society, Inc.",Marshfield Hills
North Shore Arts Assn. of Gloucester,Gloucester
North Shore Community Dev. Coalition,Salem
"Northampton Academy of Music, Inc.",Northampton
"Northampton Academy of Music, Inc.",Northampton
"Northampton Academy of Music, Inc.",Northampton
"Northampton Academy of Music, Inc.",Northampton
"Northampton Academy of Music, Inc.",Northampton
"Northampton Community Arts Trust, Inc.",Northampton
"Northampton Community Arts Trust, Inc.",Northampton
"Northampton Community Arts Trust, Inc.",Northampton
"Northampton Community Arts Trust, Inc.",Northampton
"Northampton Community Music Center, Inc.",Northampton
"Northampton Community Music Center, Inc.",Northampton
"Northampton Community Music Center, Inc.",Northampton
Northeast Document Conservation Center,Andover
"Northwest Schoolhouse, Inc.",Orleans
"Northwest Schoolhouse, Inc.",Orleans
"Northwest Schoolhouse, Inc.",Orleans
"Northwest Schoolhouse, Inc.",Orleans
Norwood Historical Society,Norwood
"Nuestras Raices, Inc.",Holyoke
"Nuestras Raices, Inc.",Holyoke
"Oakham Historical Museum, Inc.",Oakham
"Oakham Historical Museum, Inc.",Oakham
O'Bryant African American Institute,Boston
Ocean Alliance,Gloucester
Ocean Alliance,Gloucester
"Ocean Side Performance Center, Inc.",Hyannis
"Ocean Side Performance Center, Inc.",Hyannis
Old Colony Historical Society,Taunton
Old Manse^The,Southborough
"Old North Foundation of Boston, Inc.",Boston
"Old North Foundation of Boston, Inc.",Boston
"Old North Foundation of Boston, Inc.",Boston
"Old North Foundation of Boston, Inc.",Boston
Old Ship Meeting House Charitable Trust,Hingham
Old South Association in Boston,Boston
Old South Association in Boston,Boston
Old South Association in Boston,Boston
Old Sturbridge Village,Sturbridge
Old Sturbridge Village,Sturbridge
Old Sturbridge Village,Sturbridge
Old Sturbridge Village,Sturbridge
Old Sturbridge Village,Sturbridge
"Olde Marlborough, Inc.",Marlborough
"On Stage Theatrical Productions, Inc.",Westport
"On Stage, Inc.",Newburyport
Orange^Town of,Orange
Orleans Historical Society,Orleans
Orleans Historical Society,Orleans
Orleans Historical Society,Orleans
Osterville Historical Society,Osterville
Otis House,Boston
Pakachoag Music School of Gr. Worcester,Worcester
"Paragon Carousel, Inc.^Friends of the",Hull
"Paragon Carousel, Inc.^Friends of the",Hull
"Paragon Carousel, Inc.^Friends of the",Hull
"Paragon Carousel, Inc.^Friends of the",Hull
"Paragon Carousel, Inc.^Friends of the",Hull
"Paragon Carousel, Inc.^Friends of the",Hull
Passim,Cambridge
Payomet Performing Arts Charitable Trust,Truro
Payomet Performing Arts Charitable Trust,Truro
Payomet Performing Arts Charitable Trust,Truro
"Peabody Essex Museum, Inc.",Salem
"Peabody Essex Museum, Inc.",Salem
"Peabody Essex Museum, Inc.",Salem
Peabody Museum of Archeology,Cambridge
Peabody^City of,Peabody
Peabody^City of,Peabody
Pembroke^Town of,Pembroke
Performing Arts Center of Metrowest,Framingham
Performing Arts Center of Metrowest,Framingham
Performing Arts Center of Metrowest,Framingham
Pilgrim Hall Museum,Plymouth
Pine Manor College,Chestnut Hill
Pinewoods Camp,Plymouth
Pioneer Arts Center of Easthampton,Easthampton
Pioneer Arts Center of Easthampton,Easthampton
Pittsfield Office of Cultural Dev.,Pittsfield
"Pleasant Bay Community Boating, Inc.",North Chatham
"Plimoth Plantation, Inc.",Plymouth
"Plimoth Plantation, Inc.",Plymouth
"Plimoth Plantation, Inc.",Plymouth
"Plimoth Plantation, Inc.",Plymouth
Plumb Memorial Library^Joseph H.,Rochester
"Plymouth Guild for the Arts, Inc.",Plymouth
"Plymouth Guild for the Arts, Inc.",Plymouth
Polish Center of Discovery and Learning,Chicopee
Polish Center of Discovery and Learning,Chicopee
"Polly Hill Arboretum, Inc.",West Tisbury
"Polly Hill Arboretum, Inc.",West Tisbury
Porter-Phelps-Huntington Museum,Hadley
Porter-Phelps-Huntington Museum,Hadley
"Preservation Worcester, Inc.",Worcester
Provincetown Art Association and Museum,Provincetown
Provincetown Art Association and Museum,Provincetown
Provincetown Art Association and Museum,Provincetown
Provincetown Center for Coastal Studies,Provincetown
Provincetown Center for Coastal Studies,Provincetown
Provincetown Center for Coastal Studies,Provincetown
"Provincetown Film Society, Inc.",Provincetown
"Provincetown Film Society, Inc.",Provincetown
"Provincetown Film Society, Inc.",Provincetown
"Provincetown Film Society, Inc.",Provincetown
"Provincetown Film Society, Inc.",Provincetown
"Provincetown Theater Foundation, Inc.",Provincetown
"Provincetown Theater Foundation, Inc.",Provincetown
"Puppet Showplace, Inc.",Brookline
"Puppet Showplace, Inc.",Brookline
"Puppet Showplace, Inc.",Brookline
"Puppet Showplace, Inc.",Brookline
"Puppet Showplace, Inc.",Brookline
"Puppet Showplace, Inc.",Brookline
"Quannapowitt Players, Inc.",Reading
Quincy Historical Society,Quincy
Quincy Orchestra Program^Josiah,Boston
Quincy Planning & Community Development,Quincy
Quincy^City of,Quincy
Quinebaug Valley Cncl. For Arts and Hum.,Southbridge
"RAW Art Works, Inc.",Lynn
"RAW Art Works, Inc.",Lynn
"RAW Art Works, Inc.",Lynn
"RAW Art Works, Inc.",Lynn
"RAW Art Works, Inc.",Lynn
"Record Company, Inc.^The",Boston
"Record Company, Inc.^The",Boston
Regis College,Weston
Regis College Fine Arts Center,Weston
Rehoboth Antiquarian Society,Rehoboth
Revere Memorial Association^Paul,Boston
Revere Memorial Association^Paul,Boston
Revere Memorial Association^Paul,Boston
Revere Office of Economic Development,Revere
"Revolving Museum, Inc.^The",Lowell
"Riverside Theatre Works, Inc.",Hyde Park
Rockland Historical Commission,Rockland
Rockport Art Association,Rockport
Rockport Music,Rockport
Rockport Music,Rockport
Rockport Music,Rockport
Rockport Music,Rockport
Rockport Music,Rockport
Rockport Music,Rockport
Rockport Music,Rockport
Rockwell Museum^The Norman,Stockbridge
Rockwell Museum^The Norman,Stockbridge
Rockwell Museum^The Norman,Stockbridge
Rockwell Museum^The Norman,Stockbridge
Rockwell Museum^The Norman,Stockbridge
Rockwell Museum^The Norman,Stockbridge
Rockwell Museum^The Norman,Stockbridge
Rockwell Museum^The Norman,Stockbridge
Rockwell Museum^The Norman,Stockbridge
Rockwell Museum^The Norman,Stockbridge
"Rocky Neck Art Colony, Inc.",Gloucester
"Rocky Neck Art Colony, Inc.",Gloucester
"Rocky Neck Art Colony, Inc.",Gloucester
"Rocky Neck Art Colony, Inc.",Gloucester
Room to Write^The,Stoneham
Rose Art Museum^The,Waltham
Rose Art Museum^The,Waltham
Rose Art Museum^The,Waltham
Rotch-Jones-Duff House & Garden Museum,New Bedford
Rotch-Jones-Duff House & Garden Museum,New Bedford
Rotch-Jones-Duff House & Garden Museum,New Bedford
Roxbury Community College,Roxbury Crossing
Royall House and Slave Quarters,Medford
Royalston^Town of,Royalston
Royalston^Town of,Royalston
"Saint James Place, Inc.",Great Barrington
"Saint James Place, Inc.",Great Barrington
"Saint James Place, Inc.",Great Barrington
"Saint James Place, Inc.",Great Barrington
"Saint James Place, Inc.",Great Barrington
"Saint James Place, Inc.",Great Barrington
"Saint James Place, Inc.",Great Barrington
Salem Athenaeum^Proprietors of the,Salem
Salem Award Foundation for Human Rights,Salem
Salem Planning Department.^City of,Salem
Salem State University,Salem
Salem State University,Salem
Salem Theatre Company,Salem
Salem Theatre Company,Salem
Salem^City of,Salem
Salem^City of,Salem
"Salisbury Beach Partnership, Inc.",Salisbury
Salisbury Historical Society,Salisbury
Salisbury^Town of,Salisbury
Sandisfield Arts Center,Sandisfield
Sargent House Museum^The,Gloucester
Sargent House Museum^The,Gloucester
Saugus Historical Commission,Saugus
Scandinavian Charitable Society,West Newton
School of Fashion Design,Boston
"Scituate Arts Association, Inc.",Scituate
"Scituate Arts Association, Inc.",Scituate
"Seaconke Wampanoag, Inc.",Seekonk
"Seaconke Wampanoag, Inc.",Seekonk
Semitic Museum^The,Cambridge
"Shakespeare & Company, Inc.",Lenox
"Shakespeare & Company, Inc.",Lenox
"Shakespeare & Company, Inc.",Lenox
"Shakespeare & Company, Inc.",Lenox
"Shakespeare & Company, Inc.",Lenox
"Shakespeare & Company, Inc.",Lenox
"Shea Theater Arts Center, Inc.",Turners Falls
"Shea Theater Arts Center, Inc.",Turners Falls
"Shelburne Falls Trolley Museum, Inc.",Shelburne Falls
"Shelburne Falls Trolley Museum, Inc.",Shelburne Falls
Smith College,Northampton
Smith College Museum of Art,Northampton
Smith College Museum of Art,Northampton
Snow Farm: The New England Craft Program,Williamsburg
Snow Farm: The New England Craft Program,Williamsburg
"Sociedad Latina, Inc.",Roxbury
"Sociedad Latina, Inc.",Roxbury
Society of Arts and Crafts^The,Boston
Somerville Arts Council,Somerville
Somerville Museum,Somerville
Somerville Museum,Somerville
Somerville Museum,Somerville
Soule Homestead Education Center,Middleborough
"South Shore Art Center, Inc.",Cohasset
"South Shore Art Center, Inc.",Cohasset
"South Shore Art Center, Inc.",Cohasset
South Shore Children's Museum,Hanson
South Shore Conservatory,Hingham
South Shore Conservatory,Hingham
South Shore Conservatory,Hingham
South Shore Conservatory,Hingham
South Shore Conservatory,Hingham
Spencer-Peirce-Little Farm,Newbury
"Spinner Publications, Inc.",New Bedford
"Spontaneous Celebrations, Inc.",Jamaica Plain
"Spontaneous Celebrations, Inc.",Jamaica Plain
"Spontaneous Celebrations, Inc.",Jamaica Plain
"Spontaneous Celebrations, Inc.",Jamaica Plain
Springfield Central Cultural District,Springfield
Springfield City Library,Springfield
Springfield College,Springfield
Springfield College,Springfield
Springfield Jewish Community Center,Springfield
Springfield Museums,Springfield
Springfield Museums,Springfield
Springfield Museums,Springfield
Springfield Museums,Springfield
Springfield Museums,Springfield
Springfield Museums,Springfield
"Springfield Parks, Buildings and Rec.",Springfield
Springfield Technical Community College,Springfield
Springfield^City of,Springfield
"Springstep, Inc.",Medford
"Springstep, Inc.",Medford
Sprinkler Factory,Worcester
"Stanley Park of Westfield, Inc.^The",Westfield
State Theatre^Friends of the,Stoughton
State Theatre^Friends of the,Stoughton
State Theatre^Friends of the,Stoughton
State Theatre^Friends of the,Stoughton
Sterling^Town of,Sterling
Stockbridge Library Association,Stockbridge
Stockbridge Library Association,Stockbridge
"Stone Soul, Inc.",Springfield
Storefront Artist Project,Pittsfield
Stoughton Student Theater & Art Studio,Stoughton
"Stratton Players, Inc.^The",Fitchburg
"Stratton Players, Inc.^The",Fitchburg
Sturgis Library,Barnstable
Sturgis Library,Barnstable
Suffolk University,Boston
"Suzuki School of Newton, Inc.",Auburndale
"Suzuki School of Newton, Inc.",Auburndale
"Suzuki School of Newton, Inc.",Auburndale
"Tales of Cape Cod, Inc.",Barnstable
"Tales of Cape Cod, Inc.",Barnstable
"Theater Project, Inc.^The",West Springfield
"Theater Project, Inc.^The",West Springfield
Thoreau Farm Trust,Concord
Thoreau Farm Trust,Concord
"Topia Arts Center, Inc.",Adams
"Topia Arts Center, Inc.",Adams
"Topia Arts Center, Inc.",Adams
"Topia Arts Center, Inc.",Adams
"Topia Arts Center, Inc.",Adams
"Topia Arts Center, Inc.",Adams
Tower Hill Botanic Garden,Boylston
Tower Hill Botanic Garden,Boylston
Tower Hill Botanic Garden,Boylston
Tower Hill Botanic Garden,Boylston
"Transformative Culture Project, Inc.",Roxbury
Trinity Church in Lenox,Lenox
Truro Center for the Arts at Castle Hill,Truro
Truro Center for the Arts at Castle Hill,Truro
Truro Center for the Arts at Castle Hill,Truro
Truro Center for the Arts at Castle Hill,Truro
Truro Center for the Arts at Castle Hill,Truro
Truro Center for the Arts at Castle Hill,Truro
Truro Center for the Arts at Castle Hill,Truro
Truro Center for the Arts at Castle Hill,Truro
Truro Historical Society & Museum,Truro
Truro Historical Society & Museum,Truro
Truro Historical Society & Museum,Truro
UMASS Amherst Department of Theater,Amherst
UMASS Amherst Fine Arts Center,Amherst
"UMASS Dartmouth Foundation, Inc.",North Dartmouth
"UMASS Dartmouth Foundation, Inc.",North Dartmouth
Umbrella Community Arts Center^The,Concord
Umbrella Community Arts Center^The,Concord
Umbrella Community Arts Center^The,Concord
Umbrella Community Arts Center^The,Concord
United First Parish Church,Quincy
United Teen Equality Center,Lowell
Unity Church and Parsonage Fund,North Easton
University Hall Gallery,Dorchester
"Urbanity Dance, Inc.",Boston
"Urbanity Dance, Inc.",Boston
"Urbanity Dance, Inc.",Boston
"Urbanity Dance, Inc.",Boston
"USS Constitution Museum, Inc.",Boston
"USS Constitution Museum, Inc.",Boston
"USS Constitution Museum, Inc.",Boston
"USS Constitution Museum, Inc.",Boston
USS Massachusetts Memorial Committee,Fall River
USS Massachusetts Memorial Committee,Fall River
USS Massachusetts Memorial Committee,Fall River
USS Massachusetts Memorial Committee,Fall River
USS Massachusetts Memorial Committee,Fall River
Valley Photo Center,Springfield
ValleyCAST!,Whitinsville
"Ventfort Hall Association, Inc.",Lenox
"Ventfort Hall Association, Inc.",Lenox
"Ventfort Hall Association, Inc.",Lenox
"Ventfort Hall Association, Inc.",Lenox
"Ventfort Hall Association, Inc.",Lenox
"Ventfort Hall Association, Inc.",Lenox
"Ventfort Hall Association, Inc.",Lenox
"Ventfort Hall Association, Inc.",Lenox
"Ventfort Hall Association, Inc.",Lenox
Vilna Shul,Boston
Vilna Shul,Boston
Vilna Shul,Boston
Walden Woods Project^The,Lincoln
Walden Woods Project^The,Lincoln
Walden Woods Project^The,Lincoln
"Walpole Footlighters, Inc.",East Walpole
Waltham^City of,Waltham
Waltham^City of,Waltham
Wareham^Town of,Wareham
Wareham^Town of,Wareham
Warwick Theatre Foundation,Marblehead
Waterfront Historic Area League,New Bedford
Waterfront Historic Area League,New Bedford
Waterfront Historic Area League,New Bedford
Waterfront Historic Area League,New Bedford
Waterfront Historic Area League,New Bedford
Waterfront Historic Area League,New Bedford
Waters Mansion^Asa,Milbury
WBUR Public Radio,Boston
"WCUW, Inc.",Worcester
Wellesley College,Wellesley
Wellesley Historical Society,Wellesley
Wellesley Historical Society,Wellesley
"Wellfleet Harbor Actors Theater, Inc.",Wellfleet
"Wellfleet Harbor Actors Theater, Inc.",Wellfleet
"Wellfleet Harbor Actors Theater, Inc.",Wellfleet
"Wellfleet Historical Society, Inc.",Wellfleet
"Wellfleet Historical Society, Inc.",Wellfleet
"Wellfleet Preservation Hall, Inc.",Wellfleet
"Wellfleet Preservation Hall, Inc.",Wellfleet
"Wellfleet Preservation Hall, Inc.",Wellfleet
"Wellfleet Preservation Hall, Inc.",Wellfleet
"Wellfleet Preservation Hall, Inc.",Wellfleet
Wellfleet^Town of,Wellfleet
"Wenham Museum, Inc.",Wenham
"Wenham Museum, Inc.",Wenham
"Wenham Museum, Inc.",Wenham
"Wenham Museum, Inc.",Wenham
West End Museum^The,Boston
"West Falmouth Library, Inc.",West Falmouth
"West Falmouth Library, Inc.",West Falmouth
"West Falmouth Library, Inc.",West Falmouth
West Stockbridge Historical Society,West Stockbridge
West Stockbridge Historical Society,West Stockbridge
West Stockbridge Historical Society,West Stockbridge
"Westfield Museum, Inc.",Westfield
Westfield State University,Westfield
Westminster Historical Society,Westminster
Weston Friendly Society of Perf. Arts,Weston
"Westport River Watershed Alliance, Inc.",Westport
"Westport River Watershed Alliance, Inc.",Westport
WGBH Educational Foundation,Brighton
WGBH Educational Foundation,Brighton
WGBY TV 57,Springfield
WGBY TV 57,Springfield
"Wharton Restoration, Inc.^Edith",Lenox
"Wharton Restoration, Inc.^Edith",Lenox
"Wharton Restoration, Inc.^Edith",Lenox
"Wharton Restoration, Inc.^Edith",Lenox
"Wharton Restoration, Inc.^Edith",Lenox
"Wharton Restoration, Inc.^Edith",Lenox
"Wharton Restoration, Inc.^Edith",Lenox
Whately^Town of,South Deerfield
Whately^Town of,South Deerfield
Whately^Town of,South Deerfield
Wheaton College,Norton
Wheelock College,Boston
Wheelock College,Boston
Wheelock College,Boston
Wheelock Family Theatre,Boston
Whistler House Museum of Art,Lowell
White Heron Theatre Company,Nantucket
White Heron Theatre Company,Nantucket
White Heron Theatre Company,Nantucket
Whitfield-Manjiro Friendship Society,Fairhaven
Whitfield-Manjiro Friendship Society,Fairhaven
Wilbraham Nature and Cultural Center,Wilbraham
"Wildlands Trust, Inc.",Duxbury
"Wildlands Trust, Inc.",Duxbury
"Willard House and Clock Museum, Inc.",North Grafton
Williamstown Theatre Festival,Williamstown
Williamstown Theatre Festival,Williamstown
Williamstown Theatre Festival,Williamstown
Williamstown Theatre Festival,Williamstown
"Winchester Historical Society, Inc.",Winchester
Windhover Performing Arts Center,Rockport
Windhover Performing Arts Center,Rockport
"Wistariahurst Museum Association, Inc.",Holyoke
Woburn Public Library,Woburn
Women at Work Museum,Attleboro
Women at Work Museum,Attleboro
Woods Hole Public Library,Woods Hole
Worcester African Cultural Center,Worcester
Worcester Art Museum,Worcester
Worcester Art Museum,Worcester
Worcester Art Museum,Worcester
Worcester Art Museum,Worcester
"Worcester Artist Group, Inc.",Worcester
"Worcester Center for Crafts, Inc.",Worcester
"Worcester Center for Crafts, Inc.",Worcester
"Worcester Center for Crafts, Inc.",Worcester
"Worcester Center for Crafts, Inc.",Worcester
"Worcester Center for Crafts, Inc.",Worcester
Worcester Center for Performing Arts,Worcester
Worcester Center for Performing Arts,Worcester
Worcester Center for Performing Arts,Worcester
Worcester Center for Performing Arts,Worcester
Worcester Center for Performing Arts,Worcester
Worcester Center for Performing Arts,Worcester
Worcester Center for Performing Arts,Worcester
Worcester Center for Performing Arts,Worcester
"Worcester Community Cable Access, Inc.",Worcester
"Worcester Community Cable Access, Inc.",Worcester
"Worcester Community Cable Access, Inc.",Worcester
"Worcester Community Cable Access, Inc.",Worcester
"Worcester Community Cable Access, Inc.",Worcester
"Worcester Community Cable Access, Inc.",Worcester
"Worcester Community Cable Access, Inc.",Worcester
Worcester County Mechanics Association,Worcester
Worcester County Mechanics Association,Worcester
Worcester County Mechanics Association,Worcester
Worcester County Mechanics Association,Worcester
Worcester County Mechanics Association,Worcester
Worcester County Mechanics Association,Worcester
"Worcester Cultural Coalition, Inc.",Worcester
"Worcester Cultural Coalition, Inc.",Worcester
Worcester Historical Museum,Worcester
Worcester Historical Museum,Worcester
Worcester Historical Museum,Worcester
Worcester Public Library Foundation,Worcester
Worcester State University,Worcester
Worcester^City of,Worcester
Worcester^City of,Worcester
WUMB 91.9FM Radio,Boston
WUMB 91.9FM Radio,Boston
X Main Street Corporation^The,Springfield
"Yard, Inc.^The",Chilmark
"Yard, Inc.^The",Chilmark
"Yard, Inc.^The",Chilmark
"Yard, Inc.^The",Chilmark
Yarmouth New Church Pres. Foundation,Yarmouth Port
Yarmouth New Church Pres. Foundation,Yarmouth Port
Yarmouth New Church Pres. Foundation,Yarmouth Port
Yarmouth New Church Pres. Foundation,Yarmouth Port
"Your Theatre, Inc.",New Bedford
"Your Theatre, Inc.",New Bedford
Youth and Family Enrichment Services,Hyde Park
"Zeiterion Theatre, Inc.",New Bedford
"Zeiterion Theatre, Inc.",New Bedford
"Zeiterion Theatre, Inc.",New Bedford
Zoo New England,Dorchester
Zoo New England,Dorchester
"Zumix, Inc.",East Boston
"Zumix, Inc.",East Boston